Date,Open,High,Low,Close,Volume,Adj Close
2013-05-31,46.28,46.31,45.68,45.71,26100,45.71
2013-05-30,46.65,46.91,46.65,46.65,15100,46.65
2013-05-29,45.73,46.06,45.67,46.06,31400,46.06
2013-05-28,45.67,46.18,45.41,45.61,12200,45.61
2013-05-24,45.81,45.97,45.66,45.68,21400,45.68
2013-05-23,45.94,46.07,45.53,46.05,31500,46.05
2013-05-22,45.76,46.84,45.00,45.14,39700,45.14
2013-05-21,45.36,45.71,44.97,45.46,45600,45.46
2013-05-20,44.56,46.39,44.49,46.36,63800,46.36
2013-05-17,45.64,45.69,44.84,44.84,27000,44.84
2013-05-16,45.50,46.04,45.47,45.94,159700,45.94
2013-05-15,46.71,46.77,45.85,45.95,97400,45.95
2013-05-14,47.20,47.68,47.20,47.24,43500,47.24
2013-05-13,47.52,47.69,47.43,47.44,19800,47.44
2013-05-10,47.28,47.94,47.08,47.91,22600,47.91
2013-05-09,48.26,48.73,48.20,48.21,19100,48.21
2013-05-08,48.42,48.86,48.42,48.74,18100,48.74
2013-05-07,48.03,48.25,47.91,48.22,19600,48.22
2013-05-06,48.73,48.85,48.58,48.71,14600,48.71
2013-05-03,48.52,48.94,48.50,48.77,32400,48.77
2013-05-02,48.64,48.81,48.50,48.56,14300,48.56
2013-05-01,48.07,48.47,47.73,48.27,15600,48.27
2013-04-30,48.90,48.99,48.64,48.96,85700,48.96
2013-04-29,48.63,48.95,48.60,48.90,12100,48.90
2013-04-26,48.94,49.15,48.07,48.32,21100,48.32
2013-04-25,47.98,48.85,47.81,48.68,78700,48.68
2013-04-24,47.24,47.41,46.97,47.33,87100,47.33
2013-04-23,46.83,46.93,46.56,46.82,57900,46.82
2013-04-22,47.41,47.66,47.14,47.29,13200,47.29
2013-04-19,46.78,46.86,46.21,46.55,43500,46.55
2013-04-18,46.13,46.60,46.05,46.19,31000,46.19
2013-04-17,46.14,46.61,45.51,45.75,68400,45.75
2013-04-16,46.58,46.60,45.53,45.87,208700,45.87
2013-04-15,48.63,48.63,45.10,45.22,195600,45.22
2013-04-12,51.73,51.80,49.93,50.12,148900,50.12
2013-04-11,52.55,52.95,52.55,52.71,46400,52.71
2013-04-10,53.21,53.21,52.59,52.60,21400,52.60
2013-04-09,53.05,53.64,53.05,53.49,33600,53.49
2013-04-08,52.91,52.99,52.70,52.89,15100,52.89
2013-04-05,52.63,53.10,52.48,53.06,31900,53.06
2013-04-04,51.96,52.31,51.85,52.18,61000,52.18
2013-04-03,52.84,53.03,52.09,52.37,110800,52.37
2013-04-02,53.27,53.34,52.94,52.96,32900,52.96
2013-04-01,53.85,53.95,53.78,53.89,42800,53.89
2013-03-28,54.02,54.15,53.89,53.95,34600,53.95
2013-03-27,54.01,54.42,53.95,54.37,31300,54.37
2013-03-26,54.17,54.26,54.07,54.20,11800,54.20
2013-03-25,54.23,54.49,54.13,54.37,20000,54.37
2013-03-22,54.40,54.60,54.39,54.41,14300,54.41
2013-03-21,54.82,54.90,54.72,54.82,18600,54.82
2013-03-20,54.50,54.55,54.22,54.42,31200,54.42
2013-03-19,54.38,54.75,54.37,54.64,63600,54.64
2013-03-18,54.60,54.64,54.38,54.45,40700,54.45
2013-03-15,54.05,54.21,53.98,54.01,38700,54.01
2013-03-14,53.67,54.08,53.67,53.93,91300,53.93
2013-03-13,54.22,54.35,53.91,53.96,41600,53.96
2013-03-12,54.21,54.36,54.18,54.23,85900,54.23
2013-03-11,53.65,53.83,53.65,53.80,15300,53.80
2013-03-08,53.22,53.95,53.21,53.73,11500,53.73
2013-03-07,53.82,53.84,53.58,53.67,72600,53.67
2013-03-06,53.46,53.95,53.35,53.92,34700,53.92
2013-03-05,53.89,53.89,53.43,53.60,52500,53.60
2013-03-04,53.47,53.58,53.33,53.48,1458500,53.48
2013-03-01,53.70,53.83,53.36,53.49,188700,53.49
2013-02-28,54.05,54.11,53.45,53.61,53700,53.61
2013-02-27,54.56,54.62,54.08,54.23,117100,54.23
2013-02-26,54.19,55.05,53.80,54.85,146100,54.85
2013-02-25,53.93,54.31,53.91,54.19,20700,54.19
2013-02-22,53.44,53.75,53.27,53.75,29600,53.75
2013-02-21,53.37,53.88,53.37,53.60,38500,53.60
2013-02-20,54.10,54.10,52.99,53.20,98500,53.20
2013-02-19,54.94,54.94,54.49,54.66,44700,54.66
2013-02-15,55.24,55.30,54.63,54.95,106800,54.95
2013-02-14,56.42,56.45,55.81,55.93,18200,55.93
2013-02-13,56.54,56.54,56.21,56.26,26300,56.26
2013-02-12,56.36,56.68,56.27,56.66,91100,56.66
2013-02-11,56.63,56.63,56.36,56.57,37700,56.57
2013-02-08,57.25,57.39,57.13,57.25,75000,57.25
2013-02-07,57.13,57.69,57.11,57.39,33900,57.39
2013-02-06,57.50,57.69,57.50,57.66,34400,57.66
2013-02-05,57.83,57.83,57.33,57.52,214900,57.52
2013-02-04,57.10,57.69,57.10,57.54,57400,57.54
2013-02-01,57.84,57.84,57.17,57.42,121200,57.42
2013-01-31,57.42,57.49,56.90,57.17,170200,57.17
2013-01-30,57.77,57.95,57.65,57.66,64200,57.66
2013-01-29,56.99,57.17,56.95,57.09,71900,57.09
2013-01-28,56.74,56.87,56.61,56.69,52700,56.69
2013-01-25,56.98,57.09,56.84,56.93,37800,56.93
2013-01-24,57.65,57.65,57.29,57.34,31300,57.34
2013-01-23,58.35,58.35,58.02,58.08,33800,58.08
2013-01-22,58.01,58.36,58.00,58.18,28800,58.18
2013-01-18,58.26,58.26,57.87,57.88,13700,57.88
2013-01-17,57.34,58.25,57.34,57.94,81100,57.94
2013-01-16,57.46,57.73,57.38,57.65,19300,57.65
2013-01-15,57.62,57.80,57.51,57.61,22300,57.61
2013-01-14,57.28,57.28,56.99,57.18,33800,57.18
2013-01-11,57.15,57.15,56.47,56.80,53700,56.80
2013-01-10,57.00,57.39,57.00,57.20,23800,57.20
2013-01-09,56.62,56.65,56.33,56.60,61400,56.60
2013-01-08,56.58,56.79,56.40,56.60,524800,56.60
2013-01-07,56.06,56.36,56.06,56.26,600000,56.26
2013-01-04,56.21,56.57,55.87,56.57,50400,56.57
2013-01-03,57.41,57.52,56.62,56.75,97100,56.75
2013-01-02,57.78,58.07,57.59,57.59,115500,57.59
2012-12-31,56.61,57.23,56.61,57.09,51200,57.09
2012-12-28,56.61,56.64,56.39,56.55,32100,56.55
2012-12-27,56.41,56.93,56.37,56.77,27300,56.77
2012-12-26,56.86,56.86,56.53,56.57,61700,56.57
2012-12-24,56.44,56.63,56.44,56.51,9000,56.51
2012-12-21,56.34,56.66,56.32,56.46,112100,56.46
2012-12-20,56.38,56.48,55.80,56.27,99000,56.27
2012-12-19,57.18,57.50,57.11,57.26,65800,57.26
2012-12-18,58.50,58.55,57.21,57.58,38300,57.58
2012-12-17,58.44,58.54,58.39,58.49,24700,58.49
2012-12-14,58.47,58.64,58.37,58.37,27500,58.37
2012-12-13,58.44,58.74,58.40,58.61,37700,58.61
2012-12-12,59.38,59.68,59.16,59.33,18300,59.33
2012-12-11,59.02,59.15,58.94,59.12,11000,59.12
2012-12-10,59.40,59.42,59.24,59.24,116600,59.24
2012-12-07,58.91,59.02,58.86,59.01,16800,59.01
2012-12-06,58.50,59.01,58.48,58.80,42200,58.80
2012-12-05,58.72,58.75,58.30,58.67,24400,58.67
2012-12-04,58.64,58.95,58.54,58.77,44500,58.77
2012-12-03,59.57,59.81,59.53,59.53,43900,59.53
2012-11-30,59.96,59.98,59.24,59.45,31600,59.45
2012-11-29,60.02,60.19,59.98,60.09,26000,60.09
2012-11-28,59.09,59.77,59.09,59.74,41100,59.74
2012-11-27,60.61,60.64,60.39,60.40,16100,60.40
2012-11-26,60.73,60.76,60.60,60.66,13900,60.66
2012-11-23,60.09,60.85,59.95,60.74,13500,60.74
2012-11-21,59.64,59.92,59.56,59.87,36500,59.87
2012-11-20,59.81,59.86,59.50,59.75,28400,59.75
2012-11-19,59.74,59.94,59.65,59.87,36900,59.87
2012-11-16,58.96,59.12,58.80,58.93,39100,58.93
2012-11-15,59.44,59.44,58.84,59.15,63600,59.15
2012-11-14,59.52,59.78,59.31,59.46,54000,59.46
2012-11-13,59.19,59.65,59.19,59.39,37200,59.39
2012-11-12,59.69,59.75,59.36,59.48,26200,59.48
2012-11-09,59.72,59.89,59.54,59.62,114800,59.62
2012-11-08,58.88,59.68,58.88,59.61,30800,59.61
2012-11-07,59.14,59.21,58.40,58.99,27100,58.99
2012-11-06,58.04,59.20,57.95,58.98,22600,58.98
2012-11-05,57.69,57.86,57.60,57.77,26800,57.77
2012-11-02,58.45,58.45,57.45,57.55,47400,57.55
2012-11-01,59.36,59.40,58.99,58.99,200300,58.99
2012-10-31,59.09,59.41,59.07,59.24,42700,59.24
2012-10-26,59.12,59.16,58.90,58.92,22400,58.92
2012-10-25,59.08,59.13,58.91,58.97,43100,58.97
2012-10-24,58.84,58.84,58.43,58.49,36200,58.49
2012-10-23,58.94,58.94,58.56,58.65,42300,58.65
2012-10-22,59.31,59.53,59.31,59.53,28100,59.53
2012-10-19,59.84,59.84,58.97,59.25,68300,59.25
2012-10-18,60.05,60.27,60.00,60.00,11500,60.00
2012-10-17,60.15,60.55,60.15,60.38,21300,60.38
2012-10-16,60.09,60.31,60.01,60.29,135200,60.29
2012-10-15,60.30,60.30,57.90,59.87,151400,59.87
2012-10-12,61.12,61.18,60.68,60.72,67000,60.72
2012-10-11,61.28,61.50,61.23,61.24,61800,61.24
2012-10-10,61.06,61.30,60.96,61.14,128200,61.14
2012-10-09,61.38,61.52,61.00,61.14,137100,61.14
2012-10-08,61.35,61.58,61.34,61.51,36400,61.51
2012-10-05,62.05,62.15,61.62,61.81,146100,61.81
2012-10-04,62.03,62.42,62.03,62.33,14800,62.33
2012-10-03,61.90,61.93,61.72,61.82,124300,61.82
2012-10-02,61.98,61.98,61.60,61.77,68500,61.77
2012-10-01,62.11,63.80,61.67,61.89,1060500,61.89
2012-09-28,61.69,61.80,61.45,61.66,89900,61.66
2012-09-27,61.24,61.88,61.23,61.83,222700,61.83
2012-09-26,60.70,60.92,60.29,60.82,263700,60.82
2012-09-25,61.45,61.64,60.96,61.03,292200,61.03
2012-09-24,61.10,61.39,61.06,61.21,484500,61.21
2012-09-21,62.16,62.22,61.52,61.67,444800,61.67
2012-09-20,61.41,61.65,61.06,61.59,154600,61.59
2012-09-19,61.71,61.76,61.50,61.64,126100,61.64
2012-09-18,61.31,61.84,61.20,61.71,269500,61.71
2012-09-17,61.72,61.72,60.92,61.05,618500,61.05
2012-09-14,61.69,61.80,61.46,61.70,244500,61.70
2012-09-13,60.06,61.72,59.38,61.55,457800,61.55
2012-09-12,60.54,60.54,59.63,60.06,355700,60.06
2012-09-11,60.26,60.40,60.10,60.11,45400,60.11
2012-09-10,60.15,60.30,59.87,59.90,47200,59.90
2012-09-07,60.05,60.49,59.91,60.34,128800,60.34
2012-09-06,59.01,59.29,58.90,58.97,404800,58.97
2012-09-05,58.63,58.66,58.50,58.62,228000,58.62
2012-09-04,58.71,58.81,58.42,58.73,368100,58.73
2012-08-31,57.14,58.44,56.64,58.37,302900,58.37
2012-08-30,57.28,57.28,56.73,56.90,19000,56.90
2012-08-29,57.35,57.35,56.95,57.03,289600,57.03
2012-08-28,57.28,57.55,57.23,57.33,252000,57.33
2012-08-27,57.42,57.68,57.23,57.23,116400,57.23
2012-08-24,57.32,57.51,57.15,57.43,68500,57.43
2012-08-23,57.12,57.59,57.11,57.37,84900,57.37
2012-08-22,56.17,56.71,55.96,56.66,85900,56.66
2012-08-21,55.90,56.12,55.90,55.94,27600,55.94
2012-08-20,54.86,55.37,54.86,55.29,73000,55.29
2012-08-17,54.92,54.97,54.86,54.96,32100,54.96
2012-08-16,54.59,55.02,54.44,54.92,138000,54.92
2012-08-15,54.49,54.56,54.44,54.48,73400,54.48
2012-08-14,54.38,54.49,54.33,54.39,25300,54.39
2012-08-13,55.02,55.02,54.60,54.64,49000,54.64
2012-08-10,54.86,55.34,54.79,55.10,85800,55.10
2012-08-09,54.87,55.02,54.85,54.99,25900,54.99
2012-08-08,54.84,54.98,54.78,54.87,50800,54.87
2012-08-07,54.86,54.90,54.77,54.85,60600,54.85
2012-08-06,54.53,54.89,54.50,54.78,64300,54.78
2012-08-03,54.05,54.61,54.04,54.46,68500,54.46
2012-08-02,54.23,54.23,53.63,53.83,127500,53.83
2012-08-01,54.23,54.43,54.00,54.18,395800,54.18
2012-07-31,55.24,55.27,54.80,54.85,151100,54.85
2012-07-30,54.83,55.25,54.77,55.17,84100,55.17
2012-07-27,55.12,55.12,54.77,55.05,24500,55.05
2012-07-26,54.75,54.95,54.61,54.78,41200,54.78
2012-07-25,54.20,54.61,54.12,54.38,164300,54.38
2012-07-24,53.71,53.74,53.17,53.69,63900,53.69
2012-07-23,53.28,53.62,53.01,53.49,117300,53.49
2012-07-20,53.44,53.93,53.40,53.84,22500,53.84
2012-07-19,54.22,54.22,53.66,53.71,35800,53.71
2012-07-18,53.42,53.74,53.42,53.58,16300,53.58
2012-07-17,53.83,54.08,53.35,53.77,18400,53.77
2012-07-16,53.96,54.14,53.95,54.01,47200,54.01
2012-07-13,53.72,54.24,53.72,53.94,16600,53.94
2012-07-12,52.88,53.64,52.75,53.47,19600,53.47
2012-07-11,53.44,53.70,53.25,53.51,29600,53.51
2012-07-10,54.26,54.26,53.12,53.26,23500,53.26
2012-07-09,53.85,54.18,53.83,53.96,25500,53.96
2012-07-06,53.95,54.09,53.53,53.76,12400,53.76
2012-07-05,54.42,54.83,54.42,54.63,23400,54.63
2012-07-03,55.09,55.48,55.09,55.32,10300,55.32
2012-07-02,54.24,54.50,53.97,54.37,32800,54.37
2012-06-29,54.30,54.71,54.11,54.38,26000,54.38
2012-06-28,53.11,53.18,52.25,52.81,44000,52.81
2012-06-27,53.80,53.80,53.24,53.51,13400,53.51
2012-06-26,53.72,53.77,53.28,53.47,16500,53.47
2012-06-25,53.36,54.14,53.31,54.03,27400,54.03
2012-06-22,53.21,53.48,52.93,53.48,17200,53.48
2012-06-21,54.05,54.06,53.19,53.24,34400,53.24
2012-06-20,54.86,55.39,54.24,54.86,47900,54.86
2012-06-19,55.74,55.74,55.29,55.38,26500,55.38
2012-06-18,55.44,55.74,55.23,55.69,30000,55.69
2012-06-15,55.59,55.83,55.52,55.65,27800,55.65
2012-06-14,55.68,55.68,55.06,55.56,30900,55.56
2012-06-13,55.67,55.70,55.28,55.45,23500,55.45
2012-06-12,55.05,55.50,54.96,55.30,34800,55.30
2012-06-11,54.80,54.90,54.26,54.88,39700,54.88
2012-06-08,54.05,54.76,54.01,54.74,134800,54.74
2012-06-07,55.94,55.94,54.17,54.65,94900,54.65
2012-06-06,56.24,56.44,55.61,55.77,139300,55.77
2012-06-05,55.25,55.43,55.12,55.39,167700,55.39
2012-06-04,54.48,55.43,54.48,55.37,198400,55.37
2012-06-01,54.65,55.63,54.55,55.43,57300,55.43
2012-05-31,53.50,53.85,53.25,53.56,14700,53.56
2012-05-30,52.85,53.80,52.30,53.61,51200,53.61
2012-05-29,53.88,54.29,53.11,53.38,24400,53.38
2012-05-25,53.68,54.06,53.68,54.03,9900,54.03
2012-05-24,54.04,54.12,53.29,53.52,33200,53.52
2012-05-23,53.49,53.58,52.32,53.56,27000,53.56
2012-05-22,54.15,54.60,53.58,53.71,20400,53.71
2012-05-21,54.37,54.63,54.37,54.57,26600,54.57
2012-05-18,54.44,54.89,54.44,54.64,72500,54.64
2012-05-17,53.19,54.15,53.07,53.95,38800,53.95
2012-05-16,52.73,53.22,50.18,52.63,78700,52.63
2012-05-15,53.42,53.55,52.85,52.89,636800,52.89
2012-05-14,53.71,53.83,53.53,53.56,38800,53.56
2012-05-11,54.21,54.74,54.20,54.45,26000,54.45
2012-05-10,55.04,55.21,54.84,54.89,30500,54.89
2012-05-09,54.59,55.00,54.50,54.86,53000,54.86
2012-05-08,55.76,55.76,54.95,55.40,89400,55.40
2012-05-07,56.12,56.64,56.12,56.55,78000,56.55
2012-05-04,56.53,56.91,56.41,56.73,22800,56.73
2012-05-03,56.64,56.82,56.34,56.53,19000,56.53
2012-05-02,57.17,57.27,56.94,57.19,85000,57.19
2012-05-01,57.55,57.88,57.47,57.56,71200,57.56
2012-04-30,57.01,57.70,57.01,57.66,759300,57.66
2012-04-27,57.15,57.83,57.15,57.69,30300,57.69
2012-04-26,57.11,57.63,57.11,57.49,25400,57.49
2012-04-25,56.58,57.00,56.28,56.92,23500,56.92
2012-04-24,56.95,57.23,56.62,56.87,57800,56.87
2012-04-23,56.48,56.87,55.85,56.79,94500,56.79
2012-04-20,57.71,57.71,57.04,57.23,73200,57.23
2012-04-19,57.09,57.66,57.09,57.28,22200,57.28
2012-04-18,57.36,57.36,57.05,57.14,28500,57.14
2012-04-17,57.57,57.73,57.10,57.49,24500,57.49
2012-04-16,57.55,57.66,57.29,57.45,17600,57.45
2012-04-13,58.34,58.34,57.43,57.60,25000,57.60
2012-04-12,57.56,58.71,57.56,58.45,30900,58.45
2012-04-11,57.82,57.89,57.61,57.69,25100,57.69
2012-04-10,57.27,57.92,56.83,57.78,25700,57.78
2012-04-09,57.36,57.45,57.02,57.19,15500,57.19
2012-04-05,56.74,57.04,56.74,56.96,61300,56.96
2012-04-04,56.67,56.71,56.24,56.42,34300,56.42
2012-04-03,58.82,58.82,57.58,57.69,40600,57.69
2012-04-02,58.27,59.02,58.23,58.77,133200,58.77
2012-03-30,58.27,58.42,58.03,58.33,26200,58.33
2012-03-29,57.84,58.09,57.40,58.05,43900,58.05
2012-03-28,58.44,58.62,57.76,58.06,95300,58.06
2012-03-27,59.24,59.35,58.69,58.69,93000,58.69
2012-03-26,58.42,59.23,58.42,59.14,40900,59.14
2012-03-23,57.73,58.24,57.63,58.06,82300,58.06
2012-03-22,56.90,57.31,56.80,57.22,95900,57.22
2012-03-21,57.75,58.13,57.59,57.74,166000,57.74
2012-03-20,57.73,58.00,57.41,57.60,41700,57.60
2012-03-19,58.00,58.64,57.96,58.36,40600,58.36
2012-03-16,57.80,58.26,57.77,58.13,48300,58.13
2012-03-15,57.55,58.51,57.40,58.08,63300,58.08
2012-03-14,57.72,58.21,57.16,57.53,129700,57.53
2012-03-13,59.25,59.85,58.63,58.71,88900,58.71
2012-03-12,59.83,59.94,59.62,59.66,28000,59.66
2012-03-09,59.25,60.40,59.14,60.28,39300,60.28
2012-03-08,59.64,59.98,59.39,59.87,27600,59.87
2012-03-07,59.18,59.41,58.59,59.24,59600,59.24
2012-03-06,58.04,58.85,58.04,58.80,55100,58.80
2012-03-05,60.22,60.34,59.68,60.01,78600,60.01
2012-03-02,60.64,60.74,60.26,60.54,59500,60.54
2012-03-01,60.48,61.15,60.37,60.85,104000,60.85
2012-02-29,63.29,63.62,59.22,59.84,157400,59.84
2012-02-28,62.95,63.61,62.87,63.42,62000,63.42
2012-02-27,62.46,62.77,62.25,62.36,82700,62.36
2012-02-24,62.57,62.78,62.38,62.46,56900,62.46
2012-02-23,62.40,62.95,62.32,62.71,29900,62.71
2012-02-22,61.51,62.40,61.39,62.31,37900,62.31
2012-02-21,60.97,61.80,60.68,61.72,84200,61.72
2012-02-17,60.64,60.64,60.10,60.27,33000,60.27
2012-02-16,59.85,60.60,59.75,60.52,26700,60.52
2012-02-15,60.91,60.91,60.24,60.50,29000,60.50
2012-02-14,60.51,60.65,60.07,60.36,45100,60.36
2012-02-13,60.48,60.62,60.26,60.48,31500,60.48
2012-02-10,60.11,60.56,60.02,60.29,35700,60.29
2012-02-09,61.51,61.57,60.66,60.67,47900,60.67
2012-02-08,61.21,61.46,60.56,60.88,31700,60.88
2012-02-07,60.40,61.49,60.37,61.31,232800,61.31
2012-02-06,60.28,60.58,60.20,60.47,25200,60.47
2012-02-03,61.29,61.40,60.49,60.61,118200,60.61
2012-02-02,61.26,61.85,61.22,61.82,59300,61.82
2012-02-01,61.23,61.42,61.00,61.16,187900,61.16
2012-01-31,61.24,61.24,60.33,60.80,206400,60.80
2012-01-30,60.64,60.80,60.52,60.60,31300,60.60
2012-01-27,60.38,61.04,60.38,61.02,62700,61.02
2012-01-26,60.67,60.75,60.27,60.27,85300,60.27
2012-01-25,57.99,60.13,57.67,60.03,71200,60.03
2012-01-24,58.26,58.52,58.18,58.27,65800,58.27
2012-01-23,58.49,58.99,58.49,58.80,71300,58.80
2012-01-20,57.35,58.37,57.30,58.35,20800,58.35
2012-01-19,57.49,57.60,57.26,57.52,82800,57.52
2012-01-18,57.05,57.72,56.97,57.63,79500,57.63
2012-01-17,57.39,57.56,57.10,57.18,121600,57.18
2012-01-13,56.77,56.79,56.28,56.68,104400,56.68
2012-01-12,57.41,57.73,56.93,57.10,118300,57.10
2012-01-11,56.63,57.05,56.60,56.86,132800,56.86
2012-01-10,56.01,56.91,56.01,56.54,266800,56.54
2012-01-09,55.93,55.95,55.43,55.59,516400,55.59
2012-01-06,56.33,56.33,55.54,55.69,27600,55.69
2012-01-05,55.26,56.24,55.22,56.08,63000,56.08
2012-01-04,55.47,56.02,55.47,55.75,84400,55.75
2012-01-03,55.01,55.85,55.01,55.70,164700,55.70
2011-12-30,54.03,54.69,53.80,53.88,149300,53.88
2011-12-29,52.56,53.45,52.36,53.41,604400,53.41
2011-12-28,54.84,54.84,53.22,53.36,509300,53.36
2011-12-27,55.21,55.44,55.07,55.18,74300,55.18
2011-12-23,55.90,55.91,55.59,55.74,46300,55.74
2011-12-22,55.72,55.90,55.44,55.72,542700,55.72
2011-12-21,56.01,56.19,55.66,56.03,111900,56.03
2011-12-20,55.99,56.20,55.87,56.08,49300,56.08
2011-12-19,55.47,55.54,54.99,55.12,129000,55.12
2011-12-16,55.22,55.70,55.18,55.65,114100,55.65
2011-12-15,55.28,55.28,54.13,54.49,129300,54.49
2011-12-14,55.88,56.11,54.31,54.59,363800,54.59
2011-12-13,58.19,58.77,56.67,57.00,135100,57.00
2011-12-12,58.29,58.30,57.88,58.26,159400,58.26
2011-12-09,59.77,60.14,59.70,59.85,30000,59.85
2011-12-08,59.97,60.21,59.43,59.46,125300,59.46
2011-12-07,60.73,60.91,60.31,60.82,29700,60.82
2011-12-06,59.65,60.73,59.47,60.64,43000,60.64
2011-12-05,60.95,61.10,60.00,60.12,51100,60.12
2011-12-02,61.44,61.50,60.88,61.02,40200,61.02
2011-12-01,61.11,61.49,60.69,60.97,22300,60.97
2011-11-30,60.86,61.23,60.71,61.19,62700,61.19
2011-11-29,59.83,60.08,59.65,59.89,27000,59.89
2011-11-28,59.91,60.04,59.70,59.84,41900,59.84
2011-11-25,58.54,59.31,58.54,58.54,32200,58.54
2011-11-23,59.12,59.50,58.63,59.31,73500,59.31
2011-11-22,59.27,59.99,59.27,59.78,43200,59.78
2011-11-21,59.62,59.62,58.19,58.90,138500,58.90
2011-11-18,60.00,60.55,59.83,60.19,38600,60.19
2011-11-17,61.25,61.26,59.57,59.84,171700,59.84
2011-11-16,62.02,62.48,61.67,61.93,45800,61.93
2011-11-15,62.70,62.96,62.41,62.80,33600,62.80
2011-11-14,62.84,62.86,62.36,62.57,18300,62.57
2011-11-11,62.28,63.06,62.28,63.06,37700,63.06
2011-11-10,62.37,62.37,61.00,61.96,35200,61.96
2011-11-09,63.09,63.15,61.95,62.18,82100,62.18
2011-11-08,63.20,63.63,62.76,62.95,152800,62.95
2011-11-07,62.85,63.40,62.66,63.40,96400,63.40
2011-11-04,61.98,62.11,61.57,61.81,40700,61.81
2011-11-03,62.09,62.34,61.49,62.22,119500,62.22
2011-11-02,61.05,61.59,60.74,61.28,70300,61.28
2011-11-01,60.00,60.56,59.00,60.48,132600,60.48
2011-10-31,61.10,61.15,60.75,60.83,1260500,60.83
2011-10-28,61.85,61.94,61.50,61.89,107100,61.89
2011-10-27,60.83,62.06,60.48,61.75,138900,61.75
2011-10-26,60.61,60.85,60.20,60.54,97000,60.54
2011-10-25,58.17,60.23,57.92,60.03,107600,60.03
2011-10-24,57.82,58.29,57.76,58.08,121300,58.08
2011-10-21,57.62,57.74,57.20,57.52,138900,57.52
2011-10-20,56.71,57.08,55.99,56.70,80200,56.70
2011-10-19,58.11,58.23,57.39,57.52,55400,57.52
2011-10-18,57.53,58.60,56.87,58.47,36800,58.47
2011-10-17,59.17,59.17,58.33,58.65,61600,58.65
2011-10-14,59.05,59.10,58.59,58.99,44100,58.99
2011-10-13,58.31,58.57,58.03,58.51,46800,58.51
2011-10-12,59.29,59.34,58.89,59.07,46000,59.07
2011-10-11,58.54,58.73,58.27,58.61,75600,58.61
2011-10-10,58.50,58.93,58.24,58.91,23800,58.91
2011-10-07,58.28,58.55,57.00,57.40,44200,57.40
2011-10-06,57.46,58.22,57.12,58.15,85000,58.15
2011-10-05,56.47,57.51,55.93,57.16,158700,57.16
2011-10-04,57.57,57.61,55.40,56.52,226700,56.52
2011-10-03,57.77,57.97,57.29,57.52,194700,57.52
2011-09-30,56.54,57.05,56.13,56.48,116100,56.48
2011-09-29,56.92,56.95,56.04,56.80,159400,56.80
2011-09-28,57.98,58.25,55.74,56.07,260100,56.07
2011-09-27,58.68,58.86,57.78,58.15,132600,58.15
2011-09-26,55.75,57.11,54.90,56.64,620900,56.64
2011-09-23,59.54,60.06,56.93,57.42,403900,57.42
2011-09-22,62.57,62.86,61.12,62.04,455200,62.04
2011-09-21,65.27,65.91,64.64,64.72,31500,64.72
2011-09-20,64.50,65.71,64.39,65.38,65600,65.38
2011-09-19,65.80,65.80,64.11,64.68,114400,64.68
2011-09-16,64.93,66.20,64.86,65.70,205100,65.70
2011-09-15,65.17,65.34,64.34,64.99,49400,64.99
2011-09-14,66.36,66.36,65.83,66.21,25800,66.21
2011-09-13,66.26,67.05,65.87,66.71,45700,66.71
2011-09-12,66.76,66.80,65.31,65.86,190300,65.86
2011-09-09,67.27,68.11,67.09,67.51,58800,67.51
2011-09-08,68.10,68.21,67.44,68.07,55400,68.07
2011-09-07,65.80,66.77,65.33,66.42,80900,66.42
2011-09-06,68.90,69.41,67.71,68.35,130900,68.35
2011-09-02,68.55,68.97,68.36,68.84,52100,68.84
2011-09-01,66.55,66.83,66.22,66.62,181700,66.62
2011-08-31,66.67,67.13,66.15,66.64,90700,66.64
2011-08-30,66.53,67.06,66.12,66.96,102000,66.96
2011-08-29,65.91,65.91,64.83,65.13,650300,65.13
2011-08-26,65.26,66.53,64.46,66.49,68800,66.49
2011-08-25,62.80,65.03,62.23,64.83,373500,64.83
2011-08-24,66.58,66.64,63.63,64.20,457200,64.20
2011-08-23,68.52,69.04,66.54,66.70,262600,66.70
2011-08-22,68.51,69.52,68.36,69.39,203900,69.39
2011-08-19,68.03,68.08,67.02,67.78,129500,67.78
2011-08-18,66.24,66.45,65.91,66.37,87000,66.37
2011-08-17,65.00,65.41,64.80,65.25,108900,65.25
2011-08-16,64.46,65.04,64.43,64.99,83500,64.99
2011-08-15,63.43,64.29,63.25,64.28,170100,64.28
2011-08-12,63.11,63.56,62.70,63.50,165700,63.50
2011-08-11,63.96,64.13,62.75,63.70,353700,63.70
2011-08-10,63.99,65.05,63.86,65.04,189600,65.04
2011-08-09,63.33,63.97,62.15,62.41,259700,62.41
2011-08-08,62.28,62.96,62.00,62.62,268000,62.62
2011-08-05,61.14,61.40,60.19,60.80,217000,60.80
2011-08-04,62.80,62.83,59.45,60.59,273900,60.59
2011-08-03,62.01,62.44,61.85,61.91,343200,61.91
2011-08-02,60.80,61.72,60.58,61.69,201400,61.69
2011-08-01,59.95,60.61,59.69,59.99,55400,59.99
2011-07-29,60.57,60.77,60.25,60.40,79200,60.40
2011-07-28,60.33,60.33,59.62,60.09,83800,60.09
2011-07-27,60.98,61.03,60.09,60.20,126900,60.20
2011-07-26,60.19,60.65,60.01,60.63,106600,60.63
2011-07-25,60.47,60.60,60.01,60.26,262600,60.26
2011-07-22,59.73,60.04,59.64,59.84,101300,59.84
2011-07-21,59.76,59.77,58.94,59.21,88500,59.21
2011-07-20,58.74,59.82,58.64,59.82,79400,59.82
2011-07-19,60.03,60.04,58.73,59.05,139000,59.05
2011-07-18,59.82,60.18,59.78,60.07,371900,60.07
2011-07-15,58.76,59.29,58.75,59.25,100000,59.25
2011-07-14,59.13,59.32,58.56,58.78,105500,58.78
2011-07-13,58.13,58.79,58.10,58.60,200300,58.60
2011-07-12,56.68,57.68,56.54,57.42,96400,57.42
2011-07-11,57.24,57.33,56.60,56.98,99300,56.98
2011-07-08,56.98,57.01,56.68,56.93,36500,56.93
2011-07-07,56.41,56.62,56.20,56.50,300200,56.50
2011-07-06,56.11,56.50,56.08,56.25,114000,56.25
2011-07-05,55.30,55.81,55.25,55.69,77900,55.69
2011-07-01,54.36,54.41,53.95,54.31,195800,54.31
2011-06-30,55.44,55.44,54.94,54.95,98200,54.95
2011-06-29,55.02,55.44,54.88,55.36,90100,55.36
2011-06-28,54.63,54.90,54.52,54.74,158700,54.74
2011-06-27,54.60,54.79,54.27,54.41,121000,54.41
2011-06-24,55.52,55.60,54.75,54.82,185000,54.82
2011-06-23,56.10,56.10,55.40,55.87,165700,55.87
2011-06-22,57.09,57.40,56.92,57.04,140200,57.04
2011-06-21,56.72,57.05,56.71,56.96,77800,56.96
2011-06-20,56.57,56.83,56.34,56.58,88700,56.58
2011-06-17,56.03,56.58,56.03,56.51,154700,56.51
2011-06-16,56.04,56.33,55.85,56.15,152000,56.15
2011-06-15,55.81,56.41,55.76,56.30,99500,56.30
2011-06-14,55.46,56.07,55.40,56.05,38800,56.05
2011-06-13,56.06,56.24,55.29,55.52,134800,55.52
2011-06-10,56.61,56.80,56.36,56.47,131500,56.47
2011-06-09,57.10,57.46,57.00,57.36,149100,57.36
2011-06-08,56.85,57.00,56.60,56.91,53500,56.91
2011-06-07,57.32,57.34,56.77,57.14,109800,57.14
2011-06-06,57.25,57.47,56.85,56.99,61700,56.99
2011-06-03,56.55,56.90,56.45,56.79,83200,56.79
2011-06-02,57.07,57.17,55.97,56.56,130300,56.56
2011-06-01,57.29,57.81,56.75,56.84,137300,56.84
